{"cameraMode":{"drawMode":0,"name":"Shaded","section":"Shading Mode"},"sceneLighting":true,"audioPlay":false,"sceneViewState":{"m_AlwaysRefresh":false,"showFog":true,"showSkybox":true,"showFlares":true,"showImageEffects":true,"showParticleSystems":true,"showVisualEffectGraphs":true,"m_FxEnabled":true},"in2DMode":false,"pivot":{"x":6.403814315795898,"y":-0.9951833486557007,"z":13.8685884475708},"rotation":{"x":-0.26033419370651247,"y":0.16399362683296204,"z":-0.045297861099243167,"w":-0.9508346319198608},"size":14.840822219848633,"orthographic":false}