{"cameraMode":{"drawMode":0,"name":"Shaded","section":"Shading Mode"},"sceneLighting":true,"audioPlay":false,"sceneViewState":{"m_AlwaysRefresh":false,"showFog":true,"showSkybox":true,"showFlares":true,"showImageEffects":true,"showParticleSystems":true,"showVisualEffectGraphs":true,"m_FxEnabled":true},"in2DMode":false,"pivot":{"x":35.087921142578128,"y":18.523210525512697,"z":27.668363571166993},"rotation":{"x":0.29620611667633059,"y":0.6247769594192505,"z":-0.2774357497692108,"w":0.667052686214447},"size":1.2247449159622193,"orthographic":false}