{"cameraMode":{"drawMode":0,"name":"Shaded","section":"Shading Mode"},"sceneLighting":true,"audioPlay":false,"sceneViewState":{"m_AlwaysRefresh":false,"showFog":true,"showSkybox":true,"showFlares":true,"showImageEffects":true,"showParticleSystems":true,"showVisualEffectGraphs":true,"m_FxEnabled":true},"in2DMode":false,"pivot":{"x":149.55252075195313,"y":-33.0003662109375,"z":148.53265380859376},"rotation":{"x":-0.11454969644546509,"y":-0.8744723796844482,"z":0.25242114067077639,"w":-0.39863425493240359},"size":114.37857818603516,"orthographic":false}